-- Insert 10 rows into School table
INSERT INTO School (S_Name, Adress, City, Phone_number, Email, P_full_name)
VALUES
  ('Athens International School', '123 Main Street', 'Athens', 1234567890, 'info@ais.edu.gr', 'John Smith'),
  ('Thessaloniki American College', '456 Elm Street', 'Thessaloniki', 9876543210, 'info@tac.edu.gr', 'Maria Johnson'),
  ('Patras British School', '789 Oak Street', 'Patras', 2468135790, 'info@pbs.edu.gr', 'George Wilson'),
  ('Heraklion International School', '321 Pine Street', 'Heraklion', 1357924680, 'info@his.edu.gr', 'Sophia Davis'),
  ('Rhodes International School', '654 Maple Street', 'Rhodes', 3692581470, 'info@ris.edu.gr', 'Michael Brown'),
  ('Chania American Academy', '987 Cedar Street', 'Chania', 8024681357, 'info@caa.edu.gr', 'Emily Anderson'),
  ('Volos International School', '147 Birch Street', 'Volos', 5712369840, 'info@vis.edu.gr', 'Alexander Thompson'),
  ('Larissa British College', '369 Walnut Street', 'Larissa', 9246803571, 'info@lbc.edu.gr', 'Olivia Harris'),
  ('Ioannina International Academy', '258 Poplar Street', 'Ioannina', 4681357920, 'info@iia.edu.gr', 'Daniel Robinson'),
  ('Kavala American School', '741 Spruce Street', 'Kavala', 6803571924, 'info@kas.edu.gr', 'Ava Martinez');

 
INSERT INTO Category (C_name)
VALUES
  ('Fiction'),
  ('Science Fiction'),
  ('Mystery'),
  ('Romance'),
  ('Thriller'),
  ('Fantasy'),
  ('Biography'),
  ('History'),
  ('Self-Help'),
  ('Cooking');
  
INSERT INTO Authors (Ath_full_name)
VALUES ('J.K. Rowling'),
       ('Stephen King'),
       ('Agatha Christie'),
       ('George Orwell'),
       ('Harper Lee'),
       ('J.R.R. Tolkien'),
       ('Ernest Hemingway'),
       ('Mark Twain'),
       ('Jane Austen'),
       ('Leo Tolstoy'),
       ('F. Scott Fitzgerald'),
       ('Charles Dickens'),
       ('Virginia Woolf'),
       ('William Shakespeare'),
       ('Oscar Wilde'),
       ('Emily Bronte'),
       ('Arthur Conan Doyle'),
       ('Herman Melville'),
       ('John Steinbeck'),
       ('Charlotte Bronte'),
       ('Lewis Carroll'),
       ('Miguel de Cervantes'),
       ('Gabriel Garcia Marquez'),
       ('Franz Kafka'),
       ('Kurt Vonnegut'),
       ('H.G. Wells'),
       ('Ray Bradbury'),
       ('Ralph Ellison'),
       ('Dante Alighieri'),
       ('Edgar Allan Poe'),
       ('Victor Hugo'),
       ('Rudyard Kipling'),
       ('Albert Camus'),
       ('Aldous Huxley'),
       ('Homer'),
       ('Nathaniel Hawthorne'),
       ('Alexandre Dumas'),
       ('James Joyce'),
       ('O. Henry'),
       ('Joseph Conrad'),
       ('Thomas Hardy'),
       ('Henry David Thoreau'),
       ('Jules Verne'),
       ('E.M. Forster'),
       ('E.G. Lovecraft'),
       ('Ayn Rand'),
       ('Walt Whitman'),
       ('Voltaire'),
       ('George Bernard Shaw'),
       ('T.S. Eliot'),
       ('John Milton'),
       ('Edith Wharton'),
       ('H.P. Lovecraft'),
       ('Any Rand'),
       ('Waltz Whitman'),
       ('Voltaire Jr'),
       ('Nick Bernard Shaw'),
       ('G. Eliot'),
       ('John Milko'),
       ('Tesla Wharton');
  
INSERT INTO Users(Username, U_password, Role_user) 
VALUES
('admin', 11111, 'admin'),
('user2', 67345, 'student'),
('user3', 90876, 'student'),
('user4', 23456, 'student'),
('user5', 78901, 'student'),
('user6', 12345, 'student'),
('user7', 56789, 'student'),
('user8', 67890, 'student'),
('user9', 89012, 'student'),
('user10', 45678, 'student'),
('user11', 34567, 'student'),
('user12', 90123, 'student'),
('user13', 78901, 'student'),
('user14', 56789, 'student'),
('user15', 23456, 'student'),
('user16', 12345, 'student'),
('user17', 90876, 'student'),
('user18', 89012, 'student'),
('user19', 34567, 'student'),
('user20', 45678, 'student'),
('user21', 90123, 'teacher'),
('user22', 56789, 'teacher'),
('user23', 67890, 'teacher'),
('user24', 78901, 'teacher'),
('user25', 23456, 'teacher'),
('user26', 12345, 'teacher'),
('user27', 45678, 'teacher'),
('user28', 34567, 'teacher'),
('user29', 90123, 'teacher'),
('user30', 67890, 'teacher'),
('user31', 89012, 'operator'),
('user32', 78901, 'operator'),
('user33', 12345, 'operator'),
('user34', 23456, 'operator'),
('user35', 34567, 'operator'),
('user36', 56789, 'operator'),
('user37', 67890, 'operator'),
('user38', 89012, 'operator'),
('user39', 45678, 'operator'),
('user40', 90123, 'operator'),
('user41', 78901, 'student'),
('user42', 23456, 'student'),
('user43', 12345, 'student'),
('user44', 34567, 'student'),
('user45', 67890, 'student'),
('user46', 89012, 'student'),
('user47', 90123, 'student'),
('user48', 56789, 'student'),
('user49', 23456, 'student'),
('user50', 45678, 'student'),
('user51', 34567, 'student'),
('user52', 12345, 'student'),
('user53', 56789, 'student'),
('user54', 78901, 'student'),
('user55', 89012, 'student'),
('user56', 90123, 'student'),
('user57', 45678, 'student'),
('user58', 34567, 'student'),
('user59', 23456, 'student'),
('user60', 12345, 'student');

INSERT INTO student_user (Username, Student_first_name, Student_last_name) VALUES
('user2', 'Alexandros', 'Papadopoulos'),
('user3', 'Dimitris', 'Papadakis'),
('user4', 'Georgios', 'Georgiou'),
('user5', 'Nikolaos', 'Antoniou'),
('user6', 'Andreas', 'Papadimitriou'),
('user7', 'Maria', 'Katsarou'),
('user8', 'Eleni', 'Papadopoulou'),
('user9', 'Panagiotis', 'Panagiotou'),
('user10', 'Christina', 'Kostas'),
('user11', 'Konstantinos','Georgiadis'),
('user12', 'Athanasia', 'Papadopoulou'),
('user13', 'Sofia', 'Georgiou'),
('user14', 'Ioannis', 'Tsakalidis'),
('user15', 'Aikaterini', 'Christodoulou'),
('user16', 'Theodoros', 'Katsikas'),
('user17', 'Despoina', 'Papageorgiou'),
('user18', 'Petros', 'Karamanlis'),
('user19', 'Eirini', 'Panagiotopoulou'),
('user20', 'Stavros', 'Antonopoulos'),
('user41', 'Alexandra', 'Papandreou'),
('user42', 'Nikos', 'Papadellis'),
('user43', 'Elena', 'Karagiannis'),
('user44', 'George', 'Georgiadis'),
('user45', 'Dimitra', 'Papadopoulou'),
('user46', 'Vasilis', 'Papageorgiou'),
('user47', 'Georgia', 'Nikolaou'),
('user48', 'Christos', 'Papadopoulos'),
('user49', 'Eleni', 'Georgiou'),
('user50', 'Antonis', 'Papadopoulos'),
('user51', 'Irene', 'Katsarou'),
('user52', 'Michael', 'Papandreou'),
('user53', 'Katerina', 'Papadaki'),
('user54', 'Panos', 'Georgopoulos'),
('user55', 'Sophia', 'Papadopoulou'),
('user56', 'Konstantina', 'Antoniou'),
('user57', 'Thanos', 'Papadopoulos'),
('user58', 'Maria', 'Karamanlis'),
('user59', 'Dimitris', 'Papageorgiou'),
('user60', 'Evangelia', 'Antonopoulos');

INSERT INTO teacher_user (Username, teacher_first_name, Teacher_last_name, Age)
VALUES
('user21', 'Stefanos', ' Papadopoulos', 33),
('user22', 'Eleni', ' Antoniou', 40),
('user23', 'Andreas', ' Papadakis', 35),
('user24', 'Maria', ' Georgiou', 42),
('user25', 'Nikos', ' Katsaros', 38),
('user26', 'Georgia', ' Papadopoulou', 45),
('user27', 'Christos', ' Papageorgiou', 32),
('user28', 'Athina', ' Papadeli', 39),
('user29', 'Panagiotis', ' Karamanlis', 36),
('user30', 'Dimitra', ' Papandreou', 41),
('user31', 'Stefanos', ' Souleles', 34),
('user32', 'Eleni', ' Anagnou', 46),
('user33', 'Andreas', ' Doufexis', 37),
('user34', 'Maria', ' Georganta', 50),
('user35', 'Nikos', ' Kanavaris', 31),
('user36', 'Georgia', ' Kostakou', 48),
('user37', 'Christos', ' Tsivikis', 44),
('user38', 'Athina', ' Tsika', 30),
('user39', 'Panagiotis', ' Vasilakis', 49),
('user40', 'Dimitra', ' Kornezou', 43);

INSERT INTO Administrator(Adm_first_name, Adm_last_name, Username) VALUES
('irimaryleo', 'hmmy', 'admin');

INSERT INTO operator (Username, Administrator_ID, School_ID, Operator_first_name, Operator_last_name)
VALUES
('user31', 1, 1, 'Stefanos', ' Souleles'),
('user32', 1, 2, 'Eleni', ' Anagnou'),
('user33', 1, 3, 'Andreas', ' Doufexis'),
('user34', 1, 4, 'Maria', ' Georganta'),
('user35', 1, 5, 'Nikos', ' Kanavaris'),
('user36', 1, 6, 'Georgia', ' Kostakou'),
('user37', 1, 7, 'Christos', ' Tsivikis'),
('user38', 1, 8, 'Athina', ' Tsika'),
('user39', 1, 9, 'Panagiotis', ' Vasilakis'),
('user40', 1, 10, 'Dimitra', ' Kornezou');

INSERT INTO Approves_user (Username, Operator_ID, Library_card) VALUES
('user2', 7, True),
('user3', 4, True),
('user4', 6, True),
('user5', 2, True),
('user6', 4, True),
('user7', 5, True),
('user8', 1, True),
('user9', 1, True),
('user10', 1, True),
('user11', 5, True),
('user12', 7, True),
('user13', 8, True),
('user14', 5, True),
('user15', 6, True),
('user16', 1, True),
('user17', 7, True),
('user18', 7, True),
('user19', 10, True),
('user20', 2, True),
('user21', 9, True),
('user22', 5, True),
('user23', 5, True),
('user24', 9, True),
('user25', 10, True),
('user26', 6, True),
('user27', 1, True),
('user28', 10, True),
('user29', 2, True),
('user30', 2, True),
('user41', 3, True),
('user42', 8, True),
('user43', 4, True),
('user44', 1, True),
('user45', 6, True),
('user46', 3, True),
('user47', 3, True),
('user48', 6, True),
('user49', 6, True),
('user50', 3, True),
('user51', 5, True),
('user52', 6, True),
('user53', 10, True),
('user54', 3, True),
('user55', 2, True),
('user56', 2, True),
('user57', 5, True),
('user58', 3, True),
('user59', 6, True),
('user60', 6, True);

INSERT INTO Book (ISBN, Title, Publisher, Page_number, Summary, Available_copies, img, B_language, Operator_ID)
VALUES 
  (978000001, 'The Gt Gatsby', 'Scribner', 180, 'A story of the decadent excesses of the Roaring Twenties', 5, 'https://example.com/book_1.jpg', 'English', 1),
  (978000002, 'To Kill a Mockingbird 2', 'J. B. Lippincott & Co.', 324, 'A novel set in the Depression-era Deep South and dealing with themes of racial inequality', 1, 'https://example.com/book_2.jpg', 'English', 2),
  (978000003, 'One Hundred Years of Solitude', 'Harper & Row', 417, 'A landmark novel of the Latin American Boom that tells the story of the Buendía family over seven generations', 2, 'https://example.com/book_3.jpg', 'Spanish', 3),
  (978000004, 'Stranger', 'Gallimard', 123, 'A novel by French author Albert Camus that explores themes of alienation and absurdity',5, 'https://example.com/book_4.jpg', 'French', 4),
  (978000005, 'The Wind-Up Bird Chronicle', 'Shinchosha', 607, 'A novel by Greek author Haruki Murakami that blends elements of magical realism with historical fiction', 4, 'https://example.com/book_5.jpg', 'Greek', 5),
  (978000006, 'The Name of the Rose', 'Adelphi Edizioni', 536, 'A historical murder mystery set in an Italian monastery in the year 1327', 6, 'https://example.com/book_6.jpg', 'Italian', 6),
  (978000007, 'The Hitchhiker"s Guide to the Galaxy', 'Pan Books', 193, 'A science fiction comedy that follows the misadventures of an unwitting human and his alien friend as they travel through space', 3, 'https://example.com/book_7.jpg', 'English', 7),
  (978000008, 'Chronicle of a Death Foretold', 'La Oveja Negra', 120, 'A novella by Colombian author Gabriel García Márquez that explores the events leading up to a murder', 2, 'https://example.com/book_8.jpg', 'Spanish', 8),
  (978000009, 'The ial', 'Kurt Wolff Verlag', 255, 'A novel by Franz Kafka that tells the story of a man who is arrested and put on trial, but is never told what crime he has committed', 1, 'https://example.com/book_9.jpg', 'German', 9),
  (978000010, 'The Sound and the Fury', 'Jonathan Cape and Harrison Smith', 326, 'A novel by William Faulkner that employs a stream-of-consciousness narrative style to tell the story of the Compson family over several decades', 4, 'https://example.com/book_10.jpg', 'English', 10),
  (978000011, 'Crime and Punishment 2', 'The Russian Messenger', 430, 'A novel by Fyodor Dostoevsky that follows the moral dilemmas and consequences of a young man who commits a murder', 5, 'https://example.com/book_11.jpg', 'Russian', 1),
  (978000012, '1984', 'Secker & Warburg', 328, 'A dystopian novel by George Orwell that depicts a totalitarian society and explores themes of government control and surveillance', 4, 'https://example.com/book_22.jpg', 'English' ,2),
  (978000013, 'The Lord of the Rings', 'George Allen & Unwin', 1178, 'A high fantasy novel by J.R.R. Tolkien that follows the quest to destroy the One Ring and defeat the Dark Lord Sauron', 3, 'https://example.com/book_23.jpg', 'English', 3),
  (978000014, 'The Alchemist 2', 'HarperCollins', 197, 'A novel by Paulo Coelho that tells the story of a young Andalusian shepherd on a journey to find his personal legend', 6, 'https://example.com/book_24.jpg', 'Portuguese', 4),
  (978000015, 'The Littlebig Prince', 'Reynal & Hitchcock', 96, 'A novella by Antoine de Saint-Exupéry that tells the story of a young prince who travels from planet to planet, learning important life lessons along the way', 5, 'https://example.com/book_25.jpg', 'French', 5),
  (978000016, 'The Adventures of Tom Sawyer', 'Chatto & Windus', 274, 'A novel by Mark Twain that follows the adventures of a young boy named Tom Sawyer in the Mississippi River town of St. Petersburg', 7, 'https://example.com/book_26.jpg', 'English', 6),
  (978000017, 'Moby-Dick 2', 'Richard Bentley', 585, 'A novel by Herman Melville that tells the story of Captain Ahab"s obsessive quest for revenge against the white whale, Moby Dick', 2, 'https://example.com/book_27.jpg', 'English', 7),
  (978000018, 'The Count of Monte Cristopher', 'Pétion', 464, 'A novel by Alexandre Dumas that follows the story of Edmond Dantès, who seeks revenge against those who wrongly imprisoned him', 4, 'https://example.com/book_28.jpg', 'French', 8),
  (978000019, 'Frankenstein 2', 'Lackington, Hughes, Harding, Mavor & Jones', 280, 'A novel by Mary Shelley that tells the story of Victor Frankenstein and his creation, often referred to as the Frankenstein monster', 3, 'https://example.com/book_29.jpg', 'English', 9),
  (978000020, 'The Great Expectations', 'Chapman & Hall', 505, 'A novel by Charles Dickens that follows the life of Pip, an orphan who rises through society and faces various challenges along the way', 6, 'https://example.com/book_30.jpg', 'English', 10),
  (978000021, 'The Kite', 'Riverhead Books', 371, 'A novel by Khaled Hosseini that follows the story of Amir, a young boy from Afghanistan, and his journey of redemption', 5, 'https://example.com/book_31.jpg', 'English', 1),
  (978000022, 'The fChronicles o Narnia', 'Geoffrey Bles', 767, 'A series of fantasy novels by C.S. Lewis that takes readers to the magical world of Narnia and follows the adventures of various characters', 3, 'https://example.com/book_32.jpg', 'English', 2),
  (978000023, 'The Picture Book', 'Random House', 40, 'A children"s picture book that engages young readers with colorful illustrations and simple storytelling', 8, 'https://example.com/book_33.jpg', 'English' ,3),
  (978000024, 'The Girl with the Dragon Tattoo', 'Norstedts Förlag', 672, 'A psychological thriller novel by Stieg Larsson that follows investigative journalist Mikael Blomkvist and computer hacker Lisbeth Salander', 4, 'https://example.com/book_34.jpg', 'Swedish', 4),
  (978000025, 'Hobbit', 'George Allen & Unwin', 310, 'A children"s fantasy novel by J.R.R. Tolkien that follows the adventures of hobbit Bilbo Baggins as he embarks on a quest to reclaim a treasure from a dragon', 6, 'https://example.com/book_35.jpg', 'English', 5),
  (978000026, 'Harry Potter and the Philosopher"s Stone', 'Bloomsbury Publishing', 223, 'The first book in the Harry Potter series by J.K. Rowling, introducing the young wizard and his journey at Hogwarts School of Witchcraft and Wizardry', 7, 'https://example.com/book_36.jpg', 'English', 6),
  (978000027, 'The Hunger Games', 'Scholastic Corporation', 374, 'The first book in the dystopian trilogy by Suzanne Collins, where teenagers are forced to participate in a televised battle to the death', 5, 'https://example.com/book_37.jpg', 'English', 7),
  (978000028, 'The Vinci Code', 'Doubleday', 454, 'A mystery thriller novel by Dan Brown that follows symbologist Robert Langdon as he unravels a series of clues related to a hidden secret society', 3, 'https://example.com/book_38.jpg', 'English', 8),
  (978000029, 'The Fault in Our Stars', 'Dutton Books', 313, 'A young adult novel by John Green that tells the love story of Hazel and Gus, two teenagers with cancer', 6, 'https://example.com/book_39.jpg', 'English', 9),
  (978000030, 'A Game of Thrones', 'Bantam Spectra', 694, 'The first book in the fantasy series A Song of Ice and Fire by George R.R. Martin, featuring a complex web of political intrigue and power struggles in the fictional land of Westeros', 4, 'https://example.com/book_40.jpg', 'English', 10),
  (978000031, 'Odyssey', 'Homer', 442, 'An ancient Greek epic poem attributed to Homer, telling the story of Odysseus and his ten-year journey back home to Ithaca after the Trojan War', 5, 'https://example.com/book_31.jpg', 'Greek', 1),
  (978000032, 'The Adventures of Huckleberry Finn', 'Chatto & Windus', 366, 'A novel by Mark Twain that follows the adventures of Huckleberry Finn and his friend Jim, an escaped slave, as they travel along the Mississippi River', 6, 'https://example.com/book_32.jpg', 'English',2 ),
  (978000033, 'Crime and Punishment', 'The Russian Messenger', 430, 'A novel by Fyodor Dostoevsky that explores the psychological turmoil of Raskolnikov, a poor ex-student who commits a murder and grapples with guilt and punishment', 4, 'https://example.com/book_33.jpg', 'Russian', 3),
  (978000034, 'The Divine Comedy', 'Dante Alighieri', 798, 'An epic poem by Dante Alighieri that presents an allegorical journey through Hell, Purgatory, and Paradise, exploring themes of sin, redemption, and divine love', 3, 'https://example.com/book_34.jpg', 'Italian', 4),
  (978000035, 'Hundred Years of Solitude', 'Harper & Row', 417, 'A novel by Gabriel García Márquez that tells the multi-generational story of the Buendía family in the fictional town of Macondo, blending elements of magical realism', 7, 'https://example.com/book_35.jpg', 'Spanish', 5),
  (978000036, 'The Iliad', 'Homer', 683, 'An ancient Greek epic poem attributed to Homer, recounting the events of the Trojan War and the rage of Achilles', 5, 'https://example.com/book_36.jpg', 'Greek', 6),
  (978000037, 'The Canterbury Tales', 'Geoffrey Chaucer', 524, 'A collection of stories by Geoffrey Chaucer, written in Middle English, depicting a group of pilgrims traveling to the shrine of Saint Thomas Becket', 4, 'https://example.com/book_37.jpg', 'Middle English', 7),
  (978000038, 'Wuthering Heights', 'Thomas Cautley Newby', 320, 'A novel by Emily Brontë that explores the passionate and destructive love story of Catherine Earnshaw and Heathcliff on the Yorkshire moors', 6, 'https://example.com/book_38.jpg', 'English', 8),
  (978000039, 'Don Quixote', 'Francisco de Robles', 863, 'A novel by Miguel de Cervantes that follows the adventures of an eccentric nobleman, Alonso Quixano, who imagines himself to be a knight-errant', 3, 'https://example.com/book_39.jpg', 'Spanish' ,9 ),
  (978000040, 'The Name of the Rose 2', 'Adelphi Edizioni', 536, 'A historical murder mystery set in an Italian monastery in the year 1327', 1, 'https://example.com/book_6.jpg', 'Italian', 1),
  (978000041, 'The Catcher ', 'Little, Brown and Company', 277, 'A novel by J.D. Salinger that follows the story of Holden Caulfield, a teenager navigating his way through adolescence and society', 5, 'https://example.com/book_41.jpg', 'English', 2),
  (978000042, 'The Thief', 'Markus Zusak', 584, 'A historical fiction novel by Markus Zusak set during World War II, narrated by Death and centered around a young girl named Liesel Meminger', 6, 'https://example.com/book_42.jpg', 'English', 3),
  (978000043, 'To Mockingbird', 'Harper Lee', 324, 'A novel by Harper Lee that explores racial injustice and moral development through the eyes of a young girl named Scout Finch in the 1930s Deep South', 4, 'https://example.com/book_43.jpg', 'English', 4),
  (978000044, 'The Shining', 'Doubleday', 447, 'A horror novel by Stephen King that follows the story of Jack Torrance, a writer who becomes the winter caretaker of the isolated Overlook Hotel and descends into madness', 3, 'https://example.com/book_44.jpg', 'English', 5),
  (978000045, 'The Secret Life of Bees', 'Viking Press', 336, 'A novel by Sue Monk Kidd that explores themes of race, family, and female empowerment through the journey of a young girl named Lily Owens in the 1960s American South', 7, 'https://example.com/book_45.jpg', 'English', 6),
  (978000046, 'The Name of the Wind', 'DAW Books', 662, 'The first book in the fantasy series The Kingkiller Chronicle by Patrick Rothfuss, following the story of Kvothe, an orphan with a talent for magic and music', 5, 'https://example.com/book_46.jpg', 'English', 7),
  (978000047, 'The Road', 'Alfred A. Knopf', 287, 'A post-apocalyptic novel by Cormac McCarthy that follows a father and son as they journey across a desolate landscape, facing numerous challenges and moral dilemmas', 4, 'https://example.com/book_47.jpg', 'English', 8),
  (978000048, 'The Diary of a Young Girl', 'Contact Publishing', 283, 'The published diary of Anne Frank, a Jewish girl who went into hiding during the Nazi occupation of the Netherlands and documented her experiences', 6, 'https://example.com/book_48.jpg', 'Dutch', 9),
  (978000049, 'Brave New World 2', 'Chatto & Windus', 311, 'A dystopian novel by Aldous Huxley that depicts a future society where human reproduction is controlled and citizens are kept in a state of superficial happiness', 3, 'https://example.com/book_49.jpg', 'English', 10),
  (978000050, 'TheWrath', 'The Viking Press', 464, 'A novel by John Steinbeck that tells the story of the Joads, a poor family of tenant farmers during the Great Depression, as they migrate from Oklahoma to California', 8, 'https://example.com/book_50.jpg', 'English', 1),
  (978000051, 'Pride and Prejudice', 'Thomas Egerton', 279, 'A novel by Jane Austen that follows the story of Elizabeth Bennet and her complex relationship with the proud Mr. Darcy', 5, 'https://example.com/book_51.jpg', 'English',2),
  (978000052, 'Moby-Dick', 'Richard Bentley', 585, 'A novel by Herman Melville that tells the story of Captain Ahab and his relentless pursuit of the great white whale', 6, 'https://example.com/book_52.jpg', 'English',3),
  (978000053, 'The Great Gatsby 7', 'Charles Scribner"s Sons', 180, 'A novel by F. Scott Fitzgerald set in the Jazz Age, depicting the glamorous and tragic life of Jay Gatsby and his love for Daisy Buchanan', 4, 'https://example.com/book_53.jpg', 'English',4),
  (978000054, 'War and Peace', 'The Russian Messenger', 1225, 'A novel by Leo Tolstoy that explores the impact of war on society through the intertwining lives of various characters during the Napoleonic era', 3, 'https://example.com/book_54.jpg', 'Russian',5),
  (978000055, 'Jane Eyre', 'Smith, Elder & Co.', 594, 'A novel by Charlotte Brontë that follows the life of Jane Eyre, an orphan who becomes a governess and navigates love, independence, and societal expectations', 7, 'https://example.com/book_55.jpg', 'English',6),
  (978000056, '1982', 'Secker & Warburg', 328, 'A dystopian novel by George Orwell that depicts a totalitarian society governed by Big Brother, where individuality and independent thought are suppressed', 5, 'https://example.com/book_56.jpg', 'English',7),
  (978000057, 'The Lord and the Rings', 'George Allen & Unwin', 1178, 'A fantasy novel by J.R.R. Tolkien that follows the quest to destroy the One Ring and the epic battles between the forces of good and evil in the land of Middle-earth', 4, 'https://example.com/book_57.jpg', 'English',8),
  (978000058, 'Anna Karenina', 'The Russian Messenger', 864, 'A novel by Leo Tolstoy that explores themes of love, infidelity, and societal norms through the tragic story of Anna Karenina and her affair with Count Vronsky', 6, 'https://example.com/book_58.jpg', 'Russian',9),
  (978000059, 'The Alchemist', 'Editora Rocco', 208, 'A novel by Paulo Coelho that follows the journey of a young Andalusian shepherd boy named Santiago as he sets out to discover his personal legend', 3, 'https://example.com/book_59.jpg', 'Portuguese',10),
  (978000060, 'The Count of Monte Cristo', 'Pétion & Cie', 1316, 'A novel by Alexandre Dumas that tells the story of Edmond Dantès, who, after being wrongfully imprisoned, seeks revenge against those who betrayed him', 8, 'https://example.com/book_60.jpg', 'French',1),
  (978000061, 'The Picture of Dorian Gray', 'Ward, Lock & Co.', 254, 'A novel by Oscar Wilde that tells the story of a young man named Dorian Gray, who remains eternally young while a portrait of him ages and reflects his hidden sins', 5, 'https://example.com/book_61.jpg', 'English',2),
  (978000062, 'The Little Prince', 'Reynal & Hitchcock', 96, 'A novella by Antoine de Saint-Exupéry that follows the story of a young prince who travels from planet to planet and learns valuable life lessons along the way', 6, 'https://example.com/book_62.jpg', 'French',3),
  (978000063, 'The Hobbit', 'George Allen & Unwin', 310, 'A fantasy novel by J.R.R. Tolkien that serves as a prequel to The Lord of the Rings, following the adventures of Bilbo Baggins as he embarks on a quest to reclaim the dwarf kingdom of Erebor', 4, 'https://example.com/book_63.jpg', 'English',4),
  (978000064, 'Gone with the Wind 2', 'Macmillan Publishers', 1037, 'A novel by Margaret Mitchell set during the American Civil War and Reconstruction era, focusing on the life of Scarlett O"Hara and her love affair with Rhett Butler', 3, 'https://example.com/book_64.jpg', 'English',5),
  (978000065, 'The Kite Runner', 'Riverhead Books', 371, 'A novel by Khaled Hosseini that explores themes of friendship, betrayal, and redemption through the story of Amir, a young boy from Kabul, and his journey to confront his past', 7, 'https://example.com/book_65.jpg', 'English',6),
  (978000066, 'The Odyssey', 'Homer', 442, 'An ancient Greek epic poem attributed to Homer, telling the story of Odysseus and his ten-year journey back home to Ithaca after the Trojan War', 5, 'https://example.com/book_66.jpg', 'Greek',7),
  (978000067, 'Sherlock Holmes', 'George Newnes Ltd', 307, 'A collection of detective stories by Arthur Conan Doyle featuring the iconic character Sherlock Holmes and his loyal companion Dr. John Watson', 4, 'https://example.com/book_67.jpg', 'English',8),
  (978000068, 'The Scarlet Letters', 'Ticknor, Reed & Fields', 238, 'A novel by Nathaniel Hawthorne set in 17th-century Puritan Boston, exploring themes of sin, guilt, and redemption through the story of Hester Prynne', 6, 'https://example.com/book_68.jpg', 'English',9),
  (978000069, 'The Trial 3', 'Kurt Wolff Verlag', 315, 'A novel by Franz Kafka that follows the story of Josef K., who is arrested and prosecuted by a mysterious court system, leading him into a surreal and absurd ordeal', 3, 'https://example.com/book_69.jpg', 'German',10),
  (978000070, 'The Secret Garden', 'Frederick Warne & Co.', 331, 'A novel by Frances Hodgson Burnett that tells the story of Mary Lennox, a young girl who discovers a hidden garden and experiences personalgrowth and healing as she tends to the neglected garden, accompanied by her friend Dickon and her cousin Colin', 8, 'https://example.com/book_70.jpg', 'English',1),
  (978000071, 'To Kill 3 Mockingbird', 'J. B. Lippincott & Co.', 281, 'A novel by Harper Lee that explores themes of racial injustice and the loss of innocence through the eyes of Scout Finch as she observes her father, Atticus, defending a black man falsely accused of rape', 5, 'https://example.com/book_71.jpg', 'English',2),
  (978000072, 'The Catcher of the Rye', 'Little, Brown and Company', 224, 'A novel by J.D. Salinger that follows the experiences of Holden Caulfield, a disillusioned teenager, as he navigates the challenges of adolescence and societal hypocrisy', 6, 'https://example.com/book_72.jpg', 'English',3),
  (978000073, 'Grapes of Wrath', 'The Viking Press', 464, 'A novel by John Steinbeck that portrays the struggles of the Joad family, who are forced to leave their Oklahoma farm during the Great Depression and migrate to California in search of a better life', 4, 'https://example.com/book_73.jpg', 'English',4),
  (978000074, 'Frankenstein 9', 'Lackington, Hughes, Harding, Mavor & Jones', 280, 'A novel by Mary Shelley that explores themes of creation, identity, and the consequences of unchecked ambition through the story of Victor Frankenstein and the creature he brings to life', 3, 'https://example.com/book_74.jpg', 'English',5),
  (978000075, 'The Chronicles of Narnia', 'Geoffrey Bles', 767, 'A series of fantasy novels by C.S. Lewis that takes readers to the magical world of Narnia, where they embark on epic adventures alongside various characters, including the Pevensie siblings', 7, 'https://example.com/book_75.jpg', 'English',6),
  (978000076, 'A Tale of Two Cities', 'Chapman & Hall', 544, 'A novel by Charles Dickens set in London and Paris before and during the French Revolution, weaving together the lives of several characters against the backdrop of political turmoil', 5, 'https://example.com/book_76.jpg', 'English',7),
  (978000077, 'The Stranger', 'Gallimard', 123, 'A novel by Albert Camus that explores existential themes through the story of Meursault, a detached and indifferent man who becomes embroiled in a murder investigation', 4, 'https://example.com/book_77.jpg', 'French',8),
  (978000078, 'The Book Thief', 'Knopf', 584, 'A novel by Markus Zusak set in Nazi Germany, following the story of Liesel Meminger, a young girl who steals books and finds solace in literature during a time of war and oppression', 6, 'https://example.com/book_78.jpg', 'English',9),
  (978000079, 'The Stranger Beside Me', 'W. W. Norton & Company', 509, 'A true crime book by Ann Rule that recounts her personal relationship with the infamous serial killer Ted Bundy and provides insights into his crimes and the investigation', 3, 'https://example.com/book_79.jpg', 'English',10),
  (978000080, 'The Da Vinci Code', 'Doubleday', 454, 'A mystery thriller novel by Dan Brown that follows the adventure of symbologist Robert Langdon as he unravels a series of clues and puzzles related to a hidden secret involving the Holy Grail and the life of Jesus Christ', 8, 'https://example.com/book_80.jpg', 'English',1),
  (978000081, 'Brave New World', 'Chatto & Windus', 311, 'A dystopian novel by Aldous Huxley set in a futuristic society that emphasizes conformity, consumerism, and the suppression of individuality', 5, 'https://example.com/book_81.jpg', 'English',2),
  (978000082, 'The Old Man and the Sea', 'Charles Scribner"s Sons', 127, 'A novella by Ernest Hemingway that tells the story of an aging fisherman named Santiago and his epic battle with a giant marlin in the Gulf Stream', 6, 'https://example.com/book_82.jpg', 'English',3),
  (978000083, 'Fahrenheit 451', 'Ballantine Books', 159, 'A dystopian novel by Ray Bradbury that depicts a society where books are banned and burned, and the protagonist, Guy Montag, rebels against the oppressive regime', 4, 'https://example.com/book_83.jpg', 'English',4),
  (978000084, 'The Hitchhiker"s Guide the Galaxy', 'Pan Books', 193, 'A comedic science fiction series by Douglas Adams following the adventures of Arthur Dent, who is swept off Earth just before its destruction and travels through space with his alien friend Ford Prefect', 3, 'https://example.com/book_84.jpg', 'English',5),
  (978000085, 'Animal Farm', 'Secker & Warburg', 112, 'A satirical novella by George Orwell that uses a farm and its animals to allegorically depict the events leading up to the Russian Revolution and the subsequent rise of the Soviet Union', 7, 'https://example.com/book_85.jpg', 'English',6),
  (978000086, 'The Picture of Dorian White', 'Ward, Lock & Co.', 254, 'A novel by Oscar Wilde where a young man"s portrait ages while he remains eternally young, leading to a life of debauchery and moral corruption', 5, 'https://example.com/book_86.jpg', 'English',7),
  (978000087, 'The Big Prince', 'Reynal & Hitchcock', 96, 'A novella by Antoine de Saint-Exupéry about a young prince who travels from planet to planet, learning valuable life lessons along the way', 4, 'https://example.com/book_87.jpg', 'French',8),
  (978000088, 'The Hobbit 2', 'George Allen & Unwin', 310, 'A fantasy novel by J.R.R. Tolkien about the hobbit Bilbo Baggins and his unexpected journey to reclaim the dwarf kingdom of Erebor from the dragon Smaug', 6, 'https://example.com/book_88.jpg', 'English',9),
  (978000089, 'Gone with the Wind', 'Macmillan Publishers', 1037, 'A novel by Margaret Mitchell set during the American Civil War, following the life of Scarlett O"Hara as she navigates love, loss, and the changing society of the South', 3, 'https://example.com/book_89.jpg', 'English',10),
  (978000090, 'The Great Gatsby', 'Charles Scribner"s Sons', 180, 'A novel by F. Scott Fitzgerald set in the Jazz Age, following the enigmatic millionaire Jay Gatsby and his pursuit of the elusive Daisy Buchanan', 5, 'https://example.com/book_90.jpg', 'English',1),
  (978000091, 'The Odyssey of o', 'Homer', 442, 'An ancient Greek epic poem attributed to Homer, telling the story of Odysseus and his ten-year journey back home to Ithaca after the Trojan War', 5, 'https://example.com/book_91.jpg', 'Greek',2),
  (978000092, 'The Adventures of Sherlock Holmes', 'George Newnes Ltd', 307, 'A collection of detective stories by Arthur Conan Doyle featuring the iconic character Sherlock Holmes and his loyal companion Dr. John Watson', 4, 'https://example.com/book_92.jpg', 'English',3),
  (978000093, 'The Scarlet Letter', 'Ticknor, Reed & Fields', 238, 'A novel by Nathaniel Hawthorne set in 17th-century Puritan Boston, exploring themes of sin, guilt, and redemption through the story of Hester Prynne', 6, 'https://example.com/book_93.jpg', 'English',4),
  (978000094, 'The Trial', 'Kurt Wolff Verlag', 315, 'A novel by Franz Kafka that follows the story of Josef K., who is arrested and prosecuted by a mysterious court system, leading him into a surreal and absurd ordeal', 3, 'https://example.com/book_94.jpg', 'German',5),
  (978000095, 'The Secret Gardens', 'Frederick Warne & Co.', 331, 'A novel by Frances Hodgson Burnett that tells the story of Mary Lennox, a young girl who discovers a hidden garden and experiences personal growth and transformation', 8, 'https://example.com/book_95.jpg', 'English',6),
  (978000096, 'To Kill a Mockingbird', 'J. B. Lippincott & Co.', 281, 'A novel by Harper Lee that explores themes of racial injustice and the loss of innocence through the eyes of Scout Finch as she observes her father, Atticus, defending a black man falsely accused of rape', 5, 'https://example.com/book_96.jpg', 'English',7),
  (978000097, 'The Catcher in the Rye', 'Little, Brown and Company', 224, 'A novel by J.D. Salinger that follows the experiences of Holden Caulfield, a disillusioned teenager, as he navigates the challenges of adolescence and societal hypocrisy', 6, 'https://example.com/book_97.jpg', 'English',8),
  (978000098, 'The Grapes of Wrath', 'The Viking Press', 464, 'A novel by John Steinbeck that portrays the struggles of the Joad family, who are forced to leave their Oklahoma farm during the Great Depression and migrate to California in search of a better life', 4, 'https://example.com/book_98.jpg', 'English',9),
  (978000099, 'Frankenstein', 'Lackington, Hughes, Harding, Mavor & Jones', 280, 'A novel by Mary Shelley that explores themes of creation, identity, and the consequences of unchecked ambition through the story of Victor Frankenstein and the creature he brings to life', 3, 'https://example.com/book_99.jpg', 'English',10),
  (978000100, 'Narnia', 'Geoffrey Bles', 767, 'A series of fantasy novels by C.S. Lewis that takes readers to the magical world of Narnia, where they embark on epic adventures alongside various characters, including the Pevensie siblings', 7, 'https://example.com/book_100.jpg', 'English',1);
 

INSERT INTO Reviews (Rating, Needs_approval, Username, ISBN, Comments) VALUES
(1, 0, 'user26', 978000011, 'Kind of disappointing...'),
(5, 1, 'user12', 978000003, '10/10 would recommend'),
(4, 1, 'user59', 978000009, NULL),
(1, 0, 'user30', 978000008, NULL),
(5, 0, 'user39', 978000068, NULL),
(4, 1, 'user47', 978000031, NULL),
(3, 1, 'user58', 978000038, NULL),
(5, 0, 'user39', 978000013, NULL),
(5, 1, 'user50', 978000047, NULL),
(3, 0, 'user40', 978000087, NULL),
(4, 1, 'user42', 978000052, NULL),
(5, 0, 'user22', 978000049, NULL),
(3, 1, 'user4', 978000073, NULL),
(5, 0, 'user32', 978000070, 'Read it immediatly, you wont regret it!'),
(2, 1, 'user52', 978000001, NULL),
(4, 1, 'user46', 978000056, NULL),
(2, 1, 'user42', 978000080, NULL),
(1, 1, 'user12', 978000040, NULL),
(5, 1, 'user44', 978000020, NULL),
(5, 1, 'user15', 978000053, NULL),
(4, 1, 'user4', 978000008, NULL),
(1, 1, 'user48', 978000016, NULL),
(3, 0, 'user22', 978000040, NULL),
(4, 0, 'user40', 978000063, NULL),
(3, 1, 'user52', 978000097, NULL),
(4, 1, 'user18', 978000021, NULL),
(2, 1, 'user46', 978000030, 'Expected more...'),
(3, 0, 'user37', 978000028, NULL),
(4, 0, 'user21', 978000083, NULL),
(2, 1, 'user13', 978000064, NULL),
(2, 0, 'user32', 978000058, NULL),
(4, 1, 'user11', 978000083, NULL),
(4, 0, 'user31', 978000075, NULL),
(1, 1, 'user4', 978000029, NULL),
(2, 1, 'user43', 978000053, NULL),
(1, 0, 'user31', 978000026, NULL),
(3, 1, 'user7', 978000062, NULL),
(2, 1, 'user2', 978000094, NULL),
(3, 0, 'user22', 978000059, NULL),
(5, 1, 'user50', 978000075, 'My favorite one so far'),
(2, 1, 'user46', 978000077, NULL),
(3, 1, 'user19', 978000010, NULL),
(1, 1, 'user59', 978000034, NULL),
(5, 1, 'user57', 978000041, NULL),
(5, 1, 'user6', 978000033, NULL),
(5, 1, 'user11', 978000044, NULL),
(1, 0, 'user25', 978000013, NULL),
(1, 1, 'user2', 978000099, NULL),
(1, 1, 'user15', 978000055, NULL),
(4, 1, 'user52', 978000100, NULL),
(2, 1, 'user3', 978000031, NULL),
(5, 0, 'user23', 978000093, NULL),
(5, 1, 'user19', 978000085, NULL),
(1, 1, 'user41', 978000099, 'Not what I expected, kinda boring.'),
(4, 0, 'user36', 978000030, NULL),
(2, 1, 'user47', 978000085, NULL),
(3, 0, 'user36', 978000056, NULL),
(2, 1, 'user13', 978000010, NULL),
(5, 1, 'user20', 978000060, NULL),
(4, 1, 'user3', 978000051, NULL),
(1, 1, 'user60', 978000078, NULL),
(4, 1, 'user53', 978000020, NULL),
(2, 0, 'user37', 978000036, NULL),
(1, 1, 'user15', 978000080, NULL),
(1, 0, 'user23', 978000081, NULL),
(1, 0, 'user29', 978000014, NULL),
(5, 0, 'user22', 978000039, NULL),
(3, 1, 'user8', 978000036, NULL),
(2, 0, 'user25', 978000096, NULL),
(1, 0, 'user26', 978000023, NULL),
(4, 1, 'user41', 978000016, NULL),
(5, 1, 'user50', 978000057, NULL),
(1, 1, 'user16', 978000071, NULL),
(2, 1, 'user49', 978000038, NULL),
(4, 1, 'user15', 978000078, NULL),
(2, 1, 'user10', 978000010, NULL),
(2, 0, 'user24', 978000012, NULL),
(2, 0, 'user40', 978000033, NULL),
(3, 1, 'user57', 978000070, NULL),
(1, 1, 'user16', 978000096, NULL),
(3, 1, 'user42', 978000094, NULL),
(3, 1, 'user47', 978000025, NULL),
(1, 0, 'user22', 978000006, NULL),
(4, 0, 'user33', 978000088, NULL),
(1, 0, 'user38', 978000017, NULL),
(1, 0, 'user25', 978000059, NULL),
(4, 0, 'user29', 978000093, NULL),
(4, 1, 'user14', 978000098, NULL),
(5, 1, 'user60', 978000016, NULL),
(5, 1, 'user42', 978000018, NULL),
(3, 0, 'user40', 978000084, NULL),
(4, 1, 'user47', 978000050, NULL),
(2, 0, 'user37', 978000041, NULL),
(3, 1, 'user6', 978000011, NULL),
(1, 1, 'user18', 978000026, NULL),
(5, 0, 'user34', 978000084, NULL),
(5, 1, 'user5', 978000003, NULL),
(4, 0, 'user33', 978000063, NULL),
(3, 1, 'user57', 978000067, NULL),
(5, 1, 'user57', 978000016, NULL),
(1, 1, 'user15', 978000055, NULL),
(1, 1, 'user6', 978000031, NULL),
(1, 1, 'user56', 978000022, NULL),
(4, 0, 'user31', 978000013, NULL),
(3, 0, 'user37', 978000055, NULL),
(1, 0, 'user39', 978000003, NULL),
(2, 1, 'user14', 978000064, NULL),
(1, 1, 'user6', 978000051, 'My ex recommended it...'),
(4, 1, 'user53', 978000051, NULL),
(3, 1, 'user52', 978000064, NULL),
(1, 1, 'user20', 978000002, NULL),
(2, 1, 'user13', 978000053, NULL),
(4, 0, 'user34', 978000030, NULL),
(1, 1, 'user14', 978000011, NULL),
(4, 1, 'user50', 978000020, NULL),
(3, 1, 'user16', 978000087, NULL),
(2, 0, 'user34', 978000081, NULL),
(4, 1, 'user59', 978000069, 'I bawled my eyes out.'),
(1, 1, 'user49', 978000069, NULL),
(3, 0, 'user23', 978000018, NULL),
(1, 1, 'user8', 978000045, NULL),
(2, 0, 'user25', 978000027, NULL),
(4, 1, 'user53', 978000002, NULL),
(2, 0, 'user24', 978000020, NULL),
(1, 1, 'user19', 978000011, 'Fell asleep after one page. Rubbish'),
(2, 1, 'user52', 978000006, NULL),
(3, 1, 'user56', 978000036, NULL),
(3, 0, 'user34', 978000011, NULL),
(3, 1, 'user13', 978000058, NULL),
(1, 1, 'user53', 978000019, 'Only good for toilet break:)'),
(2, 1, 'user7', 978000052, NULL),
(4, 1, 'user56', 978000063, NULL),
(5, 1, 'user10', 978000038, 'Sheeesh'),
(4, 0, 'user37', 978000052, NULL),
(4, 0, 'user38', 978000099, NULL),
(3, 1, 'user51', 978000036, NULL),
(5, 1, 'user57', 978000043, NULL),
(2, 0, 'user32', 978000038, NULL),
(5, 1, 'user43', 978000034, 'Changed my perspective of life...'),
(5, 1, 'user44', 978000014, NULL),
(1, 1, 'user49', 978000093, NULL),
(2, 1, 'user12', 978000023, NULL),
(1, 1, 'user50', 978000016, 'Didnt even finish it...'),
(4, 1, 'user9', 978000087, NULL),
(2, 1, 'user49', 978000050, NULL),
(4, 1, 'user43', 978000056, NULL),
(5, 1, 'user5', 978000076, NULL),
(1, 0, 'user32', 978000063, NULL),
(3, 1, 'user7', 978000079, NULL),
(5, 1, 'user2', 978000037, 'Perfect');

INSERT INTO belongs_to (ISBN, C_name) VALUES
(978000001, 'Cooking'),
(978000002, 'Science Fiction'),
(978000003, 'Science Fiction'),
(978000003, 'Biography'),
(978000004, 'Mystery'),
(978000005, 'Science Fiction'),
(978000005, 'History'),
(978000006, 'Self-Help'),
(978000007, 'Biography'),
(978000007, 'Thriller'),
(978000007, 'Cooking'),
(978000008, 'Thriller'),
(978000008, 'Mystery'),
(978000008, 'History'),
(978000009, 'Self-Help'),
(978000009, 'Fiction'),
(978000010, 'Cooking'),
(978000011, 'Romance'),
(978000011, 'Biography'),
(978000012, 'Fantasy'),
(978000013, 'Science Fiction'),
(978000013, 'Fantasy'),
(978000013, 'Biography'),
(978000014, 'Science Fiction'),
(978000015, 'Romance'),
(978000015, 'Science Fiction'),
(978000015, 'Thriller'),
(978000016, 'Romance'),
(978000017, 'History'),
(978000017, 'Science Fiction'),
(978000018, 'History'),
(978000018, 'Science Fiction'),
(978000019, 'Cooking'),
(978000019, 'Biography'),
(978000020, 'Romance'),
(978000020, 'Fiction'),
(978000020, 'Thriller'),
(978000021, 'Fantasy'),
(978000021, 'Self-Help'),
(978000021, 'Science Fiction'),
(978000022, 'History'),
(978000023, 'Thriller'),
(978000024, 'Fiction'),
(978000024, 'Self-Help'),
(978000024, 'Cooking'),
(978000025, 'Self-Help'),
(978000025, 'Thriller'),
(978000026, 'Romance'),
(978000027, 'Self-Help'),
(978000027, 'Biography'),
(978000027, 'Fantasy'),
(978000028, 'History'),
(978000028, 'Fantasy'),
(978000029, 'Biography'),
(978000030, 'Fiction'),
(978000030, 'Science Fiction'),
(978000031, 'Thriller'),
(978000031, 'Mystery'),
(978000031, 'Self-Help'),
(978000032, 'Thriller'),
(978000032, 'Fiction'),
(978000033, 'Biography'),
(978000033, 'Mystery'),
(978000033, 'Science Fiction'),
(978000034, 'Biography'),
(978000034, 'Fantasy'),
(978000035, 'Cooking'),
(978000036, 'Romance'),
(978000037, 'Fiction'),
(978000037, 'Mystery'),
(978000038, 'Biography'),
(978000038, 'Fantasy'),
(978000038, 'Fiction'),
(978000039, 'Mystery'),
(978000039, 'Romance'),
(978000039, 'Fantasy'),
(978000040, 'Romance'),
(978000041, 'Self-Help'),
(978000042, 'Science Fiction'),
(978000042, 'Thriller'),
(978000042, 'Self-Help'),
(978000043, 'Romance'),
(978000044, 'Biography'),
(978000044, 'Cooking'),
(978000044, 'Thriller'),
(978000045, 'History'),
(978000046, 'Fiction'),
(978000046, 'Romance'),
(978000046, 'Thriller'),
(978000047, 'Self-Help'),
(978000048, 'Cooking'),
(978000048, 'Mystery'),
(978000048, 'Thriller'),
(978000049, 'Fiction'),
(978000049, 'Biography'),
(978000050, 'Mystery'),
(978000050, 'Biography'),
(978000050, 'Cooking'),
(978000051, 'Cooking'),
(978000052, 'Cooking'),
(978000053, 'Self-Help'),
(978000053, 'Biography'),
(978000054, 'Biography'),
(978000055, 'Cooking'),
(978000056, 'Biography'),
(978000057, 'Biography'),
(978000058, 'Fantasy'),
(978000059, 'Self-Help'),
(978000060, 'Cooking'),
(978000061, 'Mystery'),
(978000061, 'Biography'),
(978000061, 'Fantasy'),
(978000062, 'Mystery'),
(978000063, 'Self-Help'),
(978000063, 'Mystery'),
(978000064, 'Fiction'),
(978000064, 'History'),
(978000065, 'Biography'),
(978000065, 'Science Fiction'),
(978000066, 'Mystery'),
(978000067, 'Thriller'),
(978000067, 'Science Fiction'),
(978000068, 'Self-Help'),
(978000069, 'Fantasy'),
(978000069, 'Self-Help'),
(978000070, 'Fantasy'),
(978000070, 'Mystery'),
(978000071, 'Fantasy'),
(978000071, 'Science Fiction'),
(978000071, 'Self-Help'),
(978000072, 'Thriller'),
(978000072, 'Fantasy'),
(978000073, 'Fantasy'),
(978000074, 'Thriller'),
(978000075, 'Fantasy'),
(978000076, 'Cooking'),
(978000076, 'Thriller'),
(978000076, 'Fiction'),
(978000077, 'Fiction'),
(978000078, 'Cooking'),
(978000079, 'Biography'),
(978000080, 'Thriller'),
(978000080, 'Fantasy'),
(978000081, 'Cooking'),
(978000081, 'Thriller'),
(978000082, 'Fantasy'),
(978000083, 'Self-Help'),
(978000084, 'Fiction'),
(978000084, 'Thriller'),
(978000085, 'Cooking'),
(978000085, 'Mystery'),
(978000085, 'Fiction'),
(978000086, 'History'),
(978000086, 'Thriller'),
(978000086, 'Science Fiction'),
(978000087, 'Romance'),
(978000087, 'Fantasy'),
(978000088, 'Fiction'),
(978000089, 'Fiction'),
(978000089, 'Romance'),
(978000090, 'Science Fiction'),
(978000090, 'Fiction'),
(978000091, 'Biography'),
(978000092, 'Thriller'),
(978000092, 'Fiction'),
(978000093, 'Mystery'),
(978000094, 'Fantasy'),
(978000095, 'Mystery'),
(978000095, 'History'),
(978000095, 'Science Fiction'),
(978000096, 'History'),
(978000097, 'History'),
(978000097, 'Biography'),
(978000098, 'History'),
(978000099, 'Self-Help'),
(978000099, 'Fantasy'),
(978000100, 'Biography'),
(978000100, 'Romance');

INSERT INTO written_by(ISBN , Author_ID) VALUES
(978000001, 22),
(978000001, 33),
(978000002, 51),
(978000003, 44),
(978000004, 17),
(978000005, 33),
(978000006, 19),
(978000007, 27),
(978000007, 48),
(978000008, 3),
(978000008, 55),
(978000009, 9),
(978000009, 21),
(978000010, 27),
(978000010, 11),
(978000011, 60),
(978000012, 32),
(978000012, 35),
(978000013, 36),
(978000013, 24),
(978000014, 31),
(978000015, 17),
(978000015, 44),
(978000016, 23),
(978000016, 15),
(978000017, 8),
(978000018, 15),
(978000019, 46),
(978000020, 38),
(978000020, 56),
(978000021, 26),
(978000022, 48),
(978000023, 58),
(978000023, 7),
(978000024, 45),
(978000024, 21),
(978000025, 25),
(978000025, 58),
(978000026, 52),
(978000026, 36),
(978000027, 9),
(978000027, 21),
(978000028, 23),
(978000028, 2),
(978000029, 60),
(978000030, 42),
(978000031, 33),
(978000032, 2),
(978000032, 54),
(978000033, 58),
(978000034, 57),
(978000034, 5),
(978000035, 13),
(978000035, 40),
(978000036, 20),
(978000036, 44),
(978000037, 8),
(978000038, 48),
(978000038, 34),
(978000039, 11),
(978000039, 15),
(978000040, 14),
(978000041, 44),
(978000041, 30),
(978000042, 52),
(978000043, 45),
(978000043, 10),
(978000044, 55),
(978000045, 15),
(978000046, 23),
(978000046, 26),
(978000047, 30),
(978000047, 58),
(978000048, 5),
(978000048, 47),
(978000049, 42),
(978000049, 35),
(978000050, 37),
(978000050, 42),
(978000051, 24),
(978000052, 26),
(978000053, 55),
(978000054, 7),
(978000054, 6),
(978000055, 48),
(978000055, 45),
(978000056, 54),
(978000057, 17),
(978000057, 4),
(978000058, 27),
(978000058, 39),
(978000059, 13),
(978000060, 28),
(978000061, 43),
(978000062, 57),
(978000063, 45),
(978000063, 21),
(978000064, 48),
(978000064, 36),
(978000065, 20),
(978000065, 3),
(978000066, 37),
(978000067, 21),
(978000067, 33),
(978000068, 52),
(978000069, 4),
(978000070, 20),
(978000071, 15),
(978000072, 36),
(978000073, 40),
(978000073, 3),
(978000074, 30),
(978000075, 43),
(978000075, 4),
(978000076, 22),
(978000077, 51),
(978000078, 37),
(978000078, 10),
(978000079, 24),
(978000079, 14),
(978000080, 57),
(978000080, 18),
(978000081, 6),
(978000082, 9),
(978000083, 24),
(978000083, 43),
(978000084, 28),
(978000085, 45),
(978000086, 16),
(978000087, 2),
(978000088, 17),
(978000089, 4),
(978000090, 17),
(978000091, 48),
(978000092, 20),
(978000092, 14),
(978000093, 18),
(978000093, 47),
(978000094, 46),
(978000095, 53),
(978000095, 30),
(978000096, 36),
(978000096, 40),
(978000097, 39),
(978000098, 3),
(978000098, 49),
(978000099, 6),
(978000099, 60),
(978000100, 10);

INSERT INTO KEY_WORDS(ISBN , Key_word) VALUES
(978000001, 'Music'),
(978000001, 'Mystery'),
(978000001, 'Dystopian'),
(978000002, 'Poetry'),
(978000002, 'Education'),
(978000003, 'Young Adult'),
(978000004, 'Children'),
(978000005, 'Health'),
(978000005, 'True Crime'),
(978000005, 'Autobiography'),
(978000005, 'Crafts'),
(978000005, 'Children'),
(978000006, 'Science Fiction'),
(978000006, 'Memoir'),
(978000006, 'Poetry'),
(978000007, 'True Crime'),
(978000007, 'Science'),
(978000007, 'Biography'),
(978000007, 'Adventure'),
(978000007, 'Science Fiction'),
(978000008, 'Sports'),
(978000008, 'Gardening'),
(978000008, 'Young Adult'),
(978000008, 'Fiction'),
(978000008, 'Suspense'),
(978000009, 'Self-Help'),
(978000009, 'Technology'),
(978000010, 'Humor'),
(978000010, 'Memoir'),
(978000010, 'Romance'),
(978000010, 'Mystery'),
(978000010, 'Business'),
(978000011, 'Sports'),
(978000011, 'Business'),
(978000011, 'Science'),
(978000012, 'Suspense'),
(978000013, 'Crafts'),
(978000014, 'Philosophy'),
(978000014, 'Art'),
(978000014, 'Gardening'),
(978000015, 'Technology'),
(978000015, 'Science'),
(978000015, 'Poetry'),
(978000016, 'Education'),
(978000016, 'Self-Help'),
(978000016, 'Biography'),
(978000016, 'Fiction'),
(978000017, 'Parenting'),
(978000017, 'Mystery'),
(978000018, 'Children'),
(978000018, 'Memoir'),
(978000018, 'Sports'),
(978000018, 'Thriller'),
(978000019, 'Cooking'),
(978000019, 'Philosophy'),
(978000020, 'Memoir'),
(978000020, 'Mystery'),
(978000020, 'Spirituality'),
(978000020, 'Dystopian'),
(978000021, 'Science'),
(978000021, 'Fashion'),
(978000021, 'Supernatural'),
(978000021, 'Dystopian'),
(978000021, 'Fiction'),
(978000022, 'Business'),
(978000023, 'Gardening'),
(978000023, 'Young Adult'),
(978000023, 'Sports'),
(978000024, 'Health'),
(978000024, 'Anthology'),
(978000024, 'Philosophy'),
(978000025, 'Art'),
(978000026, 'Suspense'),
(978000026, 'Art'),
(978000026, 'History'),
(978000026, 'Travel'),
(978000027, 'Anthology'),
(978000027, 'Children'),
(978000028, 'Adventure'),
(978000028, 'Business'),
(978000028, 'True Crime'),
(978000028, 'Self-Help'),
(978000028, 'Sports'),
(978000029, 'Romance'),
(978000029, 'Science Fiction'),
(978000029, 'Fantasy'),
(978000029, 'Poetry'),
(978000030, 'Science Fiction'),
(978000030, 'Thriller'),
(978000030, 'Education'),
(978000030, 'Horror'),
(978000031, 'Parenting'),
(978000031, 'Romance'),
(978000031, 'Technology'),
(978000032, 'Mystery'),
(978000033, 'Philosophy'),
(978000033, 'Education'),
(978000033, 'Technology'),
(978000033, 'Cooking'),
(978000034, 'Fashion'),
(978000034, 'Memoir'),
(978000034, 'Mystery'),
(978000034, 'Dystopian'),
(978000034, 'Autobiography'),
(978000035, 'Fantasy'),
(978000035, 'Children'),
(978000035, 'Anthology'),
(978000036, 'Romance'),
(978000036, 'Supernatural'),
(978000036, 'Young Adult'),
(978000037, 'Romance'),
(978000037, 'Sports'),
(978000037, 'Science Fiction'),
(978000038, 'Horror'),
(978000038, 'Autobiography'),
(978000038, 'Poetry'),
(978000038, 'Fashion'),
(978000038, 'Thriller'),
(978000039, 'Parenting'),
(978000039, 'Young Adult'),
(978000040, 'Fantasy'),
(978000041, 'Science Fiction'),
(978000041, 'Thriller'),
(978000041, 'Crafts'),
(978000042, 'Technology'),
(978000042, 'Psychology'),
(978000042, 'Crafts'),
(978000043, 'Poetry'),
(978000043, 'Memoir'),
(978000043, 'Travel'),
(978000044, 'Science'),
(978000044, 'Dystopian'),
(978000044, 'Business'),
(978000044, 'Biography'),
(978000044, 'Sports'),
(978000045, 'Autobiography'),
(978000045, 'Technology'),
(978000045, 'History'),
(978000046, 'Science Fiction'),
(978000046, 'Cooking'),
(978000046, 'True Crime'),
(978000047, 'Supernatural'),
(978000047, 'Science'),
(978000047, 'Humor'),
(978000047, 'Fantasy'),
(978000047, 'Horror'),
(978000048, 'Travel'),
(978000049, 'Memoir'),
(978000050, 'Education'),
(978000050, 'Fashion'),
(978000051, 'Young Adult'),
(978000051, 'Suspense'),
(978000052, 'Education'),
(978000052, 'Horror'),
(978000052, 'Young Adult'),
(978000052, 'Parenting'),
(978000053, 'Memoir'),
(978000054, 'Fashion'),
(978000054, 'Cooking'),
(978000055, 'Art'),
(978000055, 'Fantasy'),
(978000056, 'True Crime'),
(978000056, 'Self-Help'),
(978000057, 'Biography'),
(978000057, 'Music'),
(978000058, 'History'),
(978000059, 'Fashion'),
(978000059, 'Supernatural'),
(978000059, 'Young Adult'),
(978000060, 'Horror'),
(978000061, 'Fiction'),
(978000061, 'Dystopian'),
(978000061, 'Spirituality'),
(978000061, 'Young Adult'),
(978000062, 'Philosophy'),
(978000063, 'Art'),
(978000063, 'Biography'),
(978000064, 'Cooking'),
(978000064, 'Fashion'),
(978000064, 'Historical Fiction'),
(978000064, 'Horror'),
(978000064, 'Children'),
(978000065, 'True Crime'),
(978000065, 'Anthology'),
(978000065, 'Biography'),
(978000065, 'Technology'),
(978000065, 'Young Adult'),
(978000066, 'Science Fiction'),
(978000066, 'Suspense'),
(978000067, 'Romance'),
(978000067, 'Fantasy'),
(978000067, 'Fiction'),
(978000067, 'Art'),
(978000068, 'Historical Fiction'),
(978000068, 'Suspense'),
(978000068, 'Psychology'),
(978000068, 'Business'),
(978000069, 'Young Adult'),
(978000070, 'Sports'),
(978000070, 'Fiction'),
(978000070, 'Psychology'),
(978000071, 'Children'),
(978000072, 'Spirituality'),
(978000072, 'Self-Help'),
(978000073, 'Historical Fiction'),
(978000074, 'Business'),
(978000074, 'History'),
(978000074, 'Education'),
(978000074, 'Science Fiction'),
(978000074, 'Self-Help'),
(978000075, 'Humor'),
(978000075, 'Gardening'),
(978000075, 'Historical Fiction'),
(978000075, 'Anthology'),
(978000076, 'Historical Fiction'),
(978000076, 'Adventure'),
(978000076, 'Autobiography'),
(978000077, 'Travel'),
(978000077, 'Autobiography'),
(978000078, 'Art'),
(978000079, 'Parenting'),
(978000080, 'Philosophy'),
(978000080, 'Gardening'),
(978000081, 'Humor'),
(978000082, 'Self-Help'),
(978000082, 'Science'),
(978000082, 'Spirituality'),
(978000082, 'Philosophy'),
(978000083, 'Dystopian'),
(978000083, 'Science'),
(978000083, 'Supernatural'),
(978000083, 'Philosophy'),
(978000084, 'Sports'),
(978000085, 'Travel'),
(978000085, 'Fantasy'),
(978000085, 'Art'),
(978000086, 'Gardening'),
(978000086, 'Science Fiction'),
(978000086, 'Supernatural'),
(978000087, 'Art'),
(978000087, 'Children'),
(978000087, 'Fiction'),
(978000088, 'Philosophy'),
(978000088, 'Mystery'),
(978000088, 'Crafts'),
(978000088, 'Art'),
(978000089, 'Thriller'),
(978000089, 'Science'),
(978000089, 'Cooking'),
(978000089, 'Dystopian'),
(978000089, 'Autobiography'),
(978000090, 'Young Adult'),
(978000091, 'Memoir'),
(978000091, 'Technology'),
(978000091, 'Romance'),
(978000091, 'Biography'),
(978000092, 'Anthology'),
(978000093, 'Mystery'),
(978000093, 'Music'),
(978000093, 'Education'),
(978000093, 'Dystopian'),
(978000093, 'Technology'),
(978000094, 'Psychology'),
(978000094, 'Suspense'),
(978000094, 'Spirituality'),
(978000094, 'Business'),
(978000095, 'Fantasy'),
(978000095, 'Sports'),
(978000095, 'Young Adult'),
(978000095, 'Biography'),
(978000096, 'Psychology'),
(978000096, 'Fiction'),
(978000096, 'Art'),
(978000097, 'Crafts'),
(978000097, 'Romance'),
(978000097, 'Business'),
(978000098, 'Fantasy'),
(978000099, 'Fashion'),
(978000099, 'Spirituality'),
(978000100, 'Young Adult'),
(978000100, 'Humor'),
(978000100, 'Mystery'),
(978000100, 'Fantasy'),
(978000100, 'Anthology');

INSERT INTO borrows (Username, ISBN, b_date, ret_date) VALUES
('user51', 978000022, '2023-06-04', NULL),
('user44', 978000047, '2023-05-08', '2023-05-11'),
('user17', 978000036, '2023-04-30', '2023-05-02'),
('user9', 978000004, '2023-06-04', NULL),
('user22', 978000018, '2023-03-13', '2023-03-15'),
('user42', 978000026, '2023-03-14', '2023-03-16'),
('user59', 978000057, '2023-06-04', NULL),
('user54', 978000058, '2023-05-11', '2023-05-13'),
('user49', 978000060, '2023-01-16', '2023-01-18'),
('user56', 978000067, '2023-04-25', '2023-04-27'),
('user8', 978000004, '2023-02-06', '2023-02-08'),
('user43', 978000075, '2023-06-04', NULL),
('user2', 978000078, '2023-05-12', '2023-05-14'),
('user53', 978000058, '2023-04-29', '2023-05-01'),
('user30', 978000039, '2023-01-21', '2023-01-23'),
('user6', 978000051, '2023-06-04', NULL),
('user6', 978000044, '2023-06-04', NULL),
('user48', 978000056, '2023-05-21', '2023-05-23'),
('user31', 978000098, '2023-02-16', '2023-02-18'),
('user39', 978000004, '2023-06-02', '2023-06-09'),
('user13', 978000025, '2023-06-04', NULL), 
('user4', 978000098, '2023-06-04', NULL),
('user15', 978000083, '2023-03-30', '2023-04-01'),
('user7', 978000005, '2023-05-14', '2023-05-16'),
('user16', 978000085, '2023-06-04', NULL), 
('user5', 978000090, '2023-06-04', NULL), 
('user27', 978000048, '2023-06-04', NULL), 
('user24', 978000068, '2023-04-25', '2023-04-27'),
('user17', 978000080, '2023-02-12', '2023-02-14'),
('user20', 978000002, '2023-01-12', NULL),
('user38', 978000070, '2023-04-20', '2023-04-25'),
('user13', 978000001, '2023-03-18', '2023-03-20'),
('user50', 978000072, '2023-02-02', '2023-02-04'),
('user2', 978000009, '2023-03-02', '2023-03-04'),
('user3', 978000093, '2023-03-28', '2023-03-30'),
('user41', 978000052, '2023-05-01', '2023-05-03'),
('user11', 978000072, '2023-03-06', NULL),
('user48', 978000018, '2023-02-07', '2023-02-09'),
('user5', 978000047, '2023-01-19', '2023-01-21'),
('user15', 978000045, '2023-04-11', '2023-04-21'),
('user18', 978000051, '2023-05-19', NULL),
('user3', 978000020, '2023-04-15', '2023-04-17'),
('user53', 978000099, '2023-06-04', NULL),
('user25', 978000082, '2023-01-06', '2023-01-08'),
('user23', 978000036, '2023-06-04', NULL), 
('user21', 978000084, '2023-02-14', '2023-02-16'),
('user12', 978000063, '2023-06-04', NULL), 
('user9', 978000040, '2023-06-04', NULL), 
('user18', 978000043, '2023-03-24', NULL),
('user8', 978000068, '2023-05-13', NULL);


INSERT INTO reserves (Username, ISBN, r_date) VALUES 
('user35', 978000002, '2023-06-04'),
('user35', 978000040, '2023-06-05');